Path,Dissimilarity,Contrast,Homogeneity,Energy,Correlation,ASM,Label
dataset_magang/Validasi/Cap\Yogya-Cap-Nogosari--Sogan_black_tophat_sq_3_10_1.jpg,0.7823110185778347,1.6577514413837284,0.6898027543154159,0.4645540006442581,0.3469313566790226,0.21581041951458538,Cap
dataset_magang/Validasi/Cap\Yogya-Cap-Nogosari--Sogan_black_tophat_sq_3_12_2.jpg,0.7946028187059576,1.7253763613068545,0.6890145690162176,0.4716264023747227,0.2686051972994963,0.22243146341692382,Cap
dataset_magang/Validasi/Cap\Yogya-Cap-Nogosari--Sogan_black_tophat_sq_3_13_3.jpg,0.7707198910954517,1.6861186739269698,0.6983026217092096,0.4676988084055254,0.39817242746044873,0.21874217538394838,Cap
dataset_magang/Validasi/Cap\Yogya-Cap-Nogosari--Sogan_black_tophat_sq_3_18_4.jpg,0.7050968930172967,1.379023862908392,0.7115590343028683,0.5142459876758154,0.18683176276221372,0.26444893584067486,Cap
dataset_magang/Validasi/Cap\Yogya-Cap-Nogosari--Sogan_black_tophat_sq_3_1_0.jpg,0.6740070467648943,1.3283151825752721,0.7247824572712466,0.5105373505318885,0.3579956930912136,0.26064838628812037,Cap
dataset_magang/Validasi/Cap\Yogya-Cap-Nogosari--Sogan_black_tophat_sq_3_20_5.jpg,0.8164037475976937,1.8263332799487508,0.6841517822622742,0.46130657560120275,0.32217272845842343,0.2128037566929082,Cap
dataset_magang/Validasi/Cap\Yogya-Cap-Nogosari--Sogan_black_tophat_sq_3_21_6.jpg,0.6870395579756566,1.4418842088404868,0.726844793087704,0.5143861457273824,0.31433128466609195,0.26459310691627186,Cap
dataset_magang/Validasi/Cap\Yogya-Cap-Nogosari--Sogan_black_tophat_sq_3_24_7.jpg,0.7729420243433697,1.6471412556053813,0.694306759608461,0.4639301688292113,0.326449527452933,0.21523120154990047,Cap
dataset_magang/Validasi/Cap\Yogya-Cap-Nogosari--Sogan_black_tophat_sq_3_26_8.jpg,0.8753002882767457,1.9896100256245997,0.664691675685312,0.45493092374867394,0.2087278973909779,0.20696214538282176,Cap
dataset_magang/Validasi/Cap\Yogya-Cap-Nogosari--Sogan_black_tophat_sq_3_28_9.jpg,0.6800728699551569,1.324091127482383,0.7213527571769132,0.522469561368375,0.23809597186676137,0.27297444255646214,Cap
dataset_magang/Validasi/Cap\Yogya-Cap-Nogosari--Sogan_black_tophat_sq_3_30_11.jpg,0.7942224535554132,1.6960882447149264,0.6865449116097032,0.46666788233900924,0.2958627682837661,0.21777891240677538,Cap
dataset_magang/Validasi/Cap\Yogya-Cap-Nogosari--Sogan_black_tophat_sq_3_32_12.jpg,0.7360065663036515,1.5861026585522102,0.7103417751384976,0.4741679251242074,0.3769171875474129,0.22483522121659597,Cap
dataset_magang/Validasi/Cap\Yogya-Cap-Nogosari--Sogan_black_tophat_sq_3_3_10.jpg,0.8696548686739269,1.9569786995515694,0.6646418757433331,0.45760936963162896,0.15566386847629962,0.20940633517465682,Cap
dataset_magang/Validasi/Cap\Yogya-Cap-Nogosari--Sogan_black_tophat_sq_3_5_13.jpg,0.7775464445868033,1.691463805253043,0.6951536696458881,0.4564524704639625,0.3370220553246516,0.20834885779265452,Cap
dataset_magang/Validasi/Cap\Yogya-Cap-Nogosari--Sogan_black_tophat_sq_3_6_14.jpg,0.7746236386931455,1.6610746316463807,0.6950401437110088,0.46918641458880805,0.27490723912288734,0.22013589163470088,Cap
dataset_magang/Validasi/Cap\Yogya-Cap-Nogosari--Sogan_black_tophat_sq_3_8_15.jpg,0.6445787956438181,1.292841127482383,0.7385806868172998,0.5172056441037505,0.37747679470755213,0.26750167829277544,Cap
dataset_magang/Validasi/Cap\Yogya-Cap-Nogosari--Sogan_black_tophat_sq_5_10_16.jpg,0.9657671364509929,1.9488709160794362,0.6088537926334682,0.3055896129755816,0.22884052428866336,0.09338501155856578,Cap
dataset_magang/Validasi/Cap\Yogya-Cap-Nogosari--Sogan_black_tophat_sq_5_27_18.jpg,0.8383448110185778,1.7848934977578477,0.6683152165078108,0.33267666167708987,0.38989224903376307,0.11067376122461291,Cap
dataset_magang/Validasi/Cap\Yogya-Cap-Nogosari--Sogan_black_tophat_sq_5_2_17.jpg,1.0178171044202435,2.1767296604740554,0.5982018502468252,0.306828567893615,0.1493285948032613,0.09414377007564673,Cap
dataset_magang/Validasi/Cap\Yogya-Cap-Nogosari--Sogan_black_tophat_sq_5_4_19.jpg,0.9557375080076874,2.117933215887252,0.6283764866271131,0.3032437280954371,0.2674377048228359,0.09195675862921937,Cap
dataset_magang/Validasi/Cap\Yogya-Cap-Nogosari--Sogan_closing_sq_3_14_20.jpg,1.2748238308776427,3.804492312620115,0.58417441134831,0.220705697791448,0.4854673780391345,0.04871100503760997,Cap
dataset_magang/Validasi/Cap\Yogya-Cap-Nogosari--Sogan_closing_sq_3_15_21.jpg,1.151305253042921,2.955477258167841,0.5897432443792244,0.2077247935270174,0.6008596181775355,0.04314958984584201,Cap
dataset_magang/Validasi/Cap\Yogya-Cap-Nogosari--Sogan_closing_sq_3_16_22.jpg,1.218669923126201,3.3753803651505443,0.5831036163311618,0.21723216924605904,0.551138373105021,0.04718981535534844,Cap
dataset_magang/Validasi/Cap\Yogya-Cap-Nogosari--Sogan_closing_sq_3_19_23.jpg,1.4265695067264574,4.022181294042281,0.5171401844535581,0.1934158984312358,0.44063095906280986,0.037409709765962126,Cap
dataset_magang/Validasi/Cap\Yogya-Cap-Nogosari--Sogan_closing_sq_3_26_25.jpg,1.2575472453555414,3.4653867713004485,0.5684294390145419,0.1961350926738587,0.5350734550758371,0.038468974578183136,Cap
dataset_magang/Validasi/Cap\Yogya-Cap-Nogosari--Sogan_closing_sq_3_27_26.jpg,1.3842688981422167,3.891635970531711,0.5312209235357811,0.1930086520355603,0.47454188118170426,0.037252339760583994,Cap
dataset_magang/Validasi/Cap\Yogya-Cap-Nogosari--Sogan_closing_sq_3_2_24.jpg,1.3554612427930812,3.9174807815502883,0.5493368930737039,0.1987815329744759,0.46592984843993185,0.039514097851682646,Cap
dataset_magang/Validasi/Cap\Yogya-Cap-Nogosari--Sogan_closing_sq_3_3_27.jpg,1.3667320627802693,3.9278707559256887,0.5436204341590454,0.18723690018771397,0.46665940046942117,0.03505765679190396,Cap
dataset_magang/Validasi/Cap\Yogya-Cap-Nogosari--Sogan_closing_sq_3_5_28.jpg,1.4051489429852657,3.9388212684176813,0.5239161968732003,0.19406615289809978,0.450567630070116,0.03766167170066864,Cap
dataset_magang/Validasi/Cap\Yogya-Cap-Nogosari--Sogan_closing_sq_3_7_29.jpg,1.279808616271621,3.6588524983984625,0.5712856922809771,0.2002265985794957,0.507697482295977,0.04009069077871451,Cap
dataset_magang/Validasi/Cap\Yogya-Cap-Nogosari--Sogan_closing_sq_5_0_30.jpg,0.6987107623318385,1.3805653427290199,0.7155583867055115,0.25349301983386535,0.7423197505832131,0.06425871110449247,Cap
dataset_magang/Validasi/Cap\Yogya-Cap-Nogosari--Sogan_closing_sq_5_12_31.jpg,0.71736867392697,1.4413436899423449,0.7106121689467113,0.26338395964668626,0.6752991301826238,0.06937111019916725,Cap
dataset_magang/Validasi/Cap\Yogya-Cap-Nogosari--Sogan_closing_sq_5_14_32.jpg,0.6962083600256246,1.3191263613068547,0.71185967169794,0.264074374865974,0.6999297433720783,0.06973527546085498,Cap
dataset_magang/Validasi/Cap\Yogya-Cap-Nogosari--Sogan_closing_sq_5_16_33.jpg,0.632286995515695,1.1887411915438821,0.7374222009641425,0.27072262608911135,0.7413364818428765,0.0732907402765848,Cap
dataset_magang/Validasi/Cap\Yogya-Cap-Nogosari--Sogan_closing_sq_5_17_34.jpg,0.6715847213324792,1.2357262972453555,0.7186761051646636,0.26159258215408027,0.729994125140868,0.06843067903803923,Cap
dataset_magang/Validasi/Cap\Yogya-Cap-Nogosari--Sogan_closing_sq_5_19_35.jpg,0.7387091607943626,1.5238629083920565,0.7049749381027408,0.2455514263803399,0.7096963539922738,0.06029550299741948,Cap
dataset_magang/Validasi/Cap\Yogya-Cap-Nogosari--Sogan_closing_sq_5_24_36.jpg,0.6662395900064062,1.2892777065983343,0.726170921810265,0.2613034743829457,0.7377493122389571,0.06827950572459876,Cap
dataset_magang/Validasi/Cap\Yogya-Cap-Nogosari--Sogan_closing_sq_5_3_37.jpg,0.7514013452914798,1.4733744394618835,0.6930025636155286,0.2443259407069092,0.716429539560922,0.05969516530231611,Cap
dataset_magang/Validasi/Cap\Yogya-Cap-Nogosari--Sogan_closing_sq_5_4_38.jpg,0.7154268097373478,1.4048086162716207,0.7079353672493676,0.25557051292294103,0.7191227878194278,0.06531628707569517,Cap
dataset_magang/Validasi/Cap\Yogya-Cap-Nogosari--Sogan_closing_sq_5_5_39.jpg,0.6245996156310057,1.1436979500320308,0.7377027055426555,0.2674813738015762,0.7725126216372675,0.07154628533077854,Cap
dataset_magang/Validasi/Cap\Yogya-Cap-Nogosari--Sogan_closing_sq_5_6_40.jpg,0.5851617552850737,1.0599775784753365,0.7531816147023217,0.2776056353236085,0.7719207642587682,0.0770648887634243,Cap
dataset_magang/Validasi/Cap\Yogya-Cap-Nogosari--Sogan_dilation_sq_3_10_41.jpg,1.438340807174888,4.104620435618194,0.5165778104544261,0.17110800882118737,0.5151210848554701,0.029277950682751533,Cap
dataset_magang/Validasi/Cap\Yogya-Cap-Nogosari--Sogan_dilation_sq_3_13_42.jpg,1.404708520179372,4.010450032030749,0.5277452991535687,0.18031170809417452,0.5052184857947756,0.0325123120758388,Cap
dataset_magang/Validasi/Cap\Yogya-Cap-Nogosari--Sogan_dilation_sq_3_17_43.jpg,1.3474735746316464,3.852918802049968,0.5496405588866351,0.18854895543856282,0.5094619553999716,0.035550708596973145,Cap
dataset_magang/Validasi/Cap\Yogya-Cap-Nogosari--Sogan_dilation_sq_3_18_44.jpg,1.3907951633568225,3.920383568225496,0.5296498332908581,0.1748887654654168,0.5384348171256637,0.030586080286017562,Cap
dataset_magang/Validasi/Cap\Yogya-Cap-Nogosari--Sogan_dilation_sq_3_26_46.jpg,1.435638212684177,4.164858263933375,0.5226983239362888,0.16768510850328117,0.5148037202579384,0.02811829561375718,Cap
dataset_magang/Validasi/Cap\Yogya-Cap-Nogosari--Sogan_dilation_sq_3_29_47.jpg,1.3357823510570148,3.763713164638052,0.5473270822807554,0.1782685560994668,0.5624606944975762,0.03177967809378874,Cap
dataset_magang/Validasi/Cap\Yogya-Cap-Nogosari--Sogan_dilation_sq_3_2_45.jpg,1.3718169442664958,3.7930613388853303,0.5302853606528428,0.18291454838479893,0.5202275836575435,0.03345773201081494,Cap
dataset_magang/Validasi/Cap\Yogya-Cap-Nogosari--Sogan_dilation_sq_3_31_48.jpg,1.4584801409352979,4.213645099295324,0.5140636901115667,0.1701989449162906,0.5061447084767584,0.02896768085061852,Cap
dataset_magang/Validasi/Cap\Yogya-Cap-Nogosari--Sogan_dilation_sq_3_5_49.jpg,1.2773262331838564,3.5069867072389496,0.5604338013581946,0.1834705091257132,0.5992609130653257,0.033661427718848405,Cap
dataset_magang/Validasi/Cap\Yogya-Cap-Nogosari--Sogan_dilation_sq_3_9_50.jpg,1.4033672325432414,4.078895739910314,0.5330443897047366,0.18165718567505326,0.5452255313936875,0.03299933310738078,Cap
dataset_magang/Validasi/Cap\Yogya-Cap-Nogosari--Sogan_dilation_sq_5_14_51.jpg,0.20505685458039719,0.28317184497117237,0.9051445858612504,0.6888401260678395,0.8132218835449055,0.474500719281157,Cap
dataset_magang/Validasi/Cap\Yogya-Cap-Nogosari--Sogan_dilation_sq_5_21_52.jpg,0.2382887572069186,0.34739349775784756,0.8914225571431782,0.5130166167503116,0.8892488898464471,0.26318604906193616,Cap
dataset_magang/Validasi/Cap\Yogya-Cap-Nogosari--Sogan_dilation_sq_5_22_53.jpg,0.1926249199231262,0.25316303651505445,0.9096735218751177,0.7318041095662416,0.6638154932746285,0.5355372547780398,Cap
dataset_magang/Validasi/Cap\Yogya-Cap-Nogosari--Sogan_dilation_sq_5_23_54.jpg,0.2458560217809097,0.33670323510570144,0.8859525481994818,0.5302259730531512,0.8630508983893821,0.2811395825001611,Cap
dataset_magang/Validasi/Cap\Yogya-Cap-Nogosari--Sogan_dilation_sq_5_27_55.jpg,0.22271380525304296,0.30347133247918,0.8965575368643489,0.6627235895444726,0.724578792868039,0.4392025561387106,Cap
dataset_magang/Validasi/Cap\Yogya-Cap-Nogosari--Sogan_dilation_sq_5_28_56.jpg,0.24573590647021137,0.34583199871877,0.8869579502204468,0.6186914901774232,0.7910283399967222,0.38277916001796053,Cap
dataset_magang/Validasi/Cap\Yogya-Cap-Nogosari--Sogan_dilation_sq_5_6_57.jpg,0.1690622998078155,0.22363468930172967,0.9208554329803671,0.7159165746136847,0.8251295883877029,0.5125365418065917,Cap
dataset_magang/Validasi/Cap\Yogya-Cap-Nogosari--Sogan_dilation_sq_5_7_58.jpg,0.23967008327994874,0.346252402306214,0.8904358040634749,0.57237712740409,0.8357670256471877,0.3276155759753579,Cap
dataset_magang/Validasi/Cap\Yogya-Cap-Nogosari--Sogan_dilation_sq_5_8_59.jpg,0.25370355541319667,0.40028427290198587,0.8871087409377109,0.6090371013664413,0.7878819776638002,0.3709261908408369,Cap
dataset_magang/Validasi/Cap\Yogya-Cap-Nogosari--Sogan_dilation_sq_5_9_60.jpg,0.21604740550928891,0.3139013452914799,0.9014511306419775,0.5859893123669322,0.8980403002165765,0.34338347420827003,Cap
dataset_magang/Validasi/Cap\Yogya-Cap-Nogosari--Sogan_erosion_sq_3_0_61.jpg,0.4036875400384368,0.61945467648943,0.81911191059915,0.5589302571085264,0.5403820381548465,0.31240303231140343,Cap
dataset_magang/Validasi/Cap\Yogya-Cap-Nogosari--Sogan_erosion_sq_3_10_62.jpg,0.3851697629724535,0.6410554131966688,0.8320837885744903,0.6175231417822675,0.49815162889524683,0.3813348306366425,Cap
dataset_magang/Validasi/Cap\Yogya-Cap-Nogosari--Sogan_erosion_sq_3_13_63.jpg,0.3941784112748239,0.6411755285073671,0.8267934223091173,0.576990744080428,0.5060453726531662,0.3329183187544861,Cap
dataset_magang/Validasi/Cap\Yogya-Cap-Nogosari--Sogan_erosion_sq_3_17_64.jpg,0.37031550288276743,0.5866431774503523,0.835788068665278,0.6135145198253169,0.5304370777222662,0.3764000660364892,Cap
dataset_magang/Validasi/Cap\Yogya-Cap-Nogosari--Sogan_erosion_sq_3_18_65.jpg,0.37437940422805893,0.5902666559897501,0.8337239858861792,0.5877989985467036,0.5510667615642144,0.34550766269250766,Cap
dataset_magang/Validasi/Cap\Yogya-Cap-Nogosari--Sogan_erosion_sq_3_20_67.jpg,0.38569026265214607,0.5773942985265855,0.8258637251037015,0.5793647401910955,0.5171906257126163,0.33566350217669566,Cap
dataset_magang/Validasi/Cap\Yogya-Cap-Nogosari--Sogan_erosion_sq_3_22_68.jpg,0.43347613709160787,0.7038557014734146,0.8092768350756017,0.5706767157818164,0.44301670265413196,0.32567191393552014,Cap
dataset_magang/Validasi/Cap\Yogya-Cap-Nogosari--Sogan_erosion_sq_3_24_69.jpg,0.4136370916079436,0.6916239590006406,0.819974935752435,0.5772214342335473,0.4997091985471641,0.3331845841386334,Cap
dataset_magang/Validasi/Cap\Yogya-Cap-Nogosari--Sogan_erosion_sq_3_2_66.jpg,0.4135970531710442,0.6478619474695708,0.8158898375876086,0.562062755902736,0.48182680006531964,0.3159145415729786,Cap
dataset_magang/Validasi/Cap\Yogya-Cap-Nogosari--Sogan_erosion_sq_3_31_71.jpg,0.4154988789237668,0.6780709481101859,0.817549718219891,0.5590567983723062,0.4524357611816526,0.3125445038062934,Cap
dataset_magang/Validasi/Cap\Yogya-Cap-Nogosari--Sogan_erosion_sq_3_3_70.jpg,0.4225856822549648,0.7053371236386932,0.8159366608184532,0.5780980558166737,0.436967597135123,0.334197362139018,Cap
dataset_magang/Validasi/Cap\Yogya-Cap-Nogosari--Sogan_erosion_sq_3_7_72.jpg,0.39638052530429213,0.6723254324151184,0.8283300854720005,0.5751630488705956,0.5247491208820612,0.3308125327861191,Cap
dataset_magang/Validasi/Cap\Yogya-Cap-Nogosari--Sogan_erosion_sq_3_8_73.jpg,0.39660073670723894,0.6195347533632287,0.8232525577495572,0.5581505330695465,0.5495852545838422,0.311532017565819,Cap
dataset_magang/Validasi/Cap\Yogya-Cap-Nogosari--Sogan_erosion_sq_5_0_74.jpg,0.09212844330557336,0.11162716207559256,0.9558545615555639,0.8269834852953919,0.7779687996157656,0.6839016849513136,Cap
dataset_magang/Validasi/Cap\Yogya-Cap-Nogosari--Sogan_erosion_sq_5_13_76.jpg,0.07615310698270342,0.08940582959641256,0.9632374137996007,0.8678879896529251,0.7557917845836699,0.7532295625837959,Cap
dataset_magang/Validasi/Cap\Yogya-Cap-Nogosari--Sogan_erosion_sq_5_14_77.jpg,0.08512171684817425,0.10442024343369635,0.9593548630214417,0.8691661245708691,0.7094986936788771,0.7554497521015434,Cap
dataset_magang/Validasi/Cap\Yogya-Cap-Nogosari--Sogan_erosion_sq_5_15_78.jpg,0.0804372197309417,0.09757367072389495,0.9614837302634058,0.8674424114046294,0.7522078252934816,0.7524563371034784,Cap
dataset_magang/Validasi/Cap\Yogya-Cap-Nogosari--Sogan_erosion_sq_5_16_79.jpg,0.08502162075592569,0.10143737988468929,0.9591166343218902,0.8492863213265609,0.7720028096179087,0.7212872555924025,Cap
dataset_magang/Validasi/Cap\Yogya-Cap-Nogosari--Sogan_erosion_sq_5_17_80.jpg,0.09389013452914798,0.11058616271620758,0.9547132305837134,0.8374504905023259,0.7616522238278471,0.7013233240425862,Cap
dataset_magang/Validasi/Cap\Yogya-Cap-Nogosari--Sogan_erosion_sq_5_18_81.jpg,0.08886531069827033,0.10908472133247918,0.957577980743867,0.8649052460642552,0.7068338243689638,0.7480610846694699,Cap
dataset_magang/Validasi/Cap\Yogya-Cap-Nogosari--Sogan_erosion_sq_5_1_75.jpg,0.07689381806534272,0.09419042280589364,0.9632686202283604,0.8862924978256358,0.6753149440460392,0.7855143917020045,Cap
dataset_magang/Validasi/Cap\Yogya-Cap-Nogosari--Sogan_erosion_sq_5_2_82.jpg,0.08470131326073028,0.10448030108904549,0.9596102846968383,0.871981771542511,0.7062887792499319,0.7603522099024159,Cap
dataset_magang/Validasi/Cap\Yogya-Cap-Nogosari--Sogan_erosion_sq_5_30_83.jpg,0.09697309417040358,0.11426969891095452,0.9532318084184347,0.8136823083452176,0.8050648981578249,0.6620788989140017,Cap
dataset_magang/Validasi/Cap\Yogya-Cap-Nogosari--Sogan_erosion_sq_5_31_84.jpg,0.1053811659192825,0.13100576553491353,0.9498258962087767,0.7971197705981757,0.7923758195024224,0.6353999286784884,Cap
dataset_magang/Validasi/Cap\Yogya-Cap-Nogosari--Sogan_opening_sq_3_17_86.jpg,0.5677450352338245,0.9582399103139012,0.7540287133517812,0.3713355316536198,0.6181929467492466,0.13789007706847647,Cap
dataset_magang/Validasi/Cap\Yogya-Cap-Nogosari--Sogan_opening_sq_3_1_85.jpg,0.6287035554131967,1.118894138372838,0.7330254510393325,0.3727915647374485,0.562422927929282,0.13897355073939527,Cap
dataset_magang/Validasi/Cap\Yogya-Cap-Nogosari--Sogan_opening_sq_3_22_88.jpg,0.6178131005765535,1.1725456438180653,0.7443023872074584,0.3964754990514347,0.5125680570108722,0.1571928213480842,Cap
dataset_magang/Validasi/Cap\Yogya-Cap-Nogosari--Sogan_opening_sq_3_26_89.jpg,0.6885009609224856,1.2676969891095453,0.711305302399341,0.3553617991208228,0.4857397803448613,0.126282008274388,Cap
dataset_magang/Validasi/Cap\Yogya-Cap-Nogosari--Sogan_opening_sq_3_2_87.jpg,0.5606181934657272,1.004444266495836,0.7625859550862848,0.38339066847336983,0.5977244940815043,0.14698840467245736,Cap
dataset_magang/Validasi/Cap\Yogya-Cap-Nogosari--Sogan_opening_sq_3_7_90.jpg,0.5845411595131326,1.0567144458680333,0.7531691304170531,0.3897090325401847,0.5743224057769485,0.15187313004340672,Cap
dataset_magang/Validasi/Cap\Yogya-Cap-Nogosari--Sogan_opening_sq_3_8_91.jpg,0.6444186418962204,1.1181534272901985,0.7237388411402523,0.32673649466799887,0.5783131314245714,0.10675673694793124,Cap
dataset_magang/Validasi/Cap\Yogya-Cap-Nogosari--Sogan_opening_sq_3_9_92.jpg,0.6173126201153106,1.1714045483664317,0.7444894355521497,0.40344255963008613,0.5398714052722235,0.16276589892087562,Cap
dataset_magang/Validasi/Cap\Yogya-Cap-Nogosari--Sogan_opening_sq_5_13_93.jpg,0.2682375080076874,0.3184457078795644,0.8708617376754081,0.4809024089646005,0.8055214045037608,0.23126712694795587,Cap
dataset_magang/Validasi/Cap\Yogya-Cap-Nogosari--Sogan_opening_sq_5_16_94.jpg,0.2560057655349135,0.3023302370275464,0.8766154331687832,0.5251585359558658,0.7824092435493896,0.2757914878873084,Cap
dataset_magang/Validasi/Cap\Yogya-Cap-Nogosari--Sogan_opening_sq_5_22_95.jpg,0.24569586803331195,0.28929772581678415,0.8814952943060632,0.5171593983421957,0.8000629694449388,0.26745384329366184,Cap
dataset_magang/Validasi/Cap\Yogya-Cap-Nogosari--Sogan_opening_sq_5_28_96.jpg,0.3114389814221653,0.37990470852017943,0.8510903408448581,0.4688271469414515,0.7691097023931932,0.21979889370926137,Cap
dataset_magang/Validasi/Cap\Yogya-Cap-Nogosari--Sogan_opening_sq_5_5_97.jpg,0.29706518257527226,0.3558015695067265,0.8572986537664392,0.4556263202890195,0.7916494879458406,0.20759534374011218,Cap
dataset_magang/Validasi/Cap\Yogya-Cap-Nogosari--Sogan_opening_sq_5_8_98.jpg,0.23446508648302367,0.27494394618834084,0.8868068640012058,0.5484330929187528,0.7976398868412631,0.30077885740842925,Cap
dataset_magang/Validasi/Cap\Yogya-Cap-Nogosari--Sogan_white_tophat_sq_3_14_99.jpg,1.223694746957079,3.5530108904548365,0.5950692834865877,0.41153276030850716,0.08409670496885181,0.16935921280713923,Cap
dataset_magang/Validasi/Cap\Yogya-Cap-Nogosari--Sogan_white_tophat_sq_3_16_100.jpg,1.0930092889173608,3.2508808456117873,0.6431466564511935,0.44112810969121874,0.173990317300266,0.19459400915974792,Cap
dataset_magang/Validasi/Cap\Yogya-Cap-Nogosari--Sogan_white_tophat_sq_3_17_101.jpg,1.110345932094811,3.1862988468930173,0.6272193199319946,0.42716527781487895,0.23631149687508513,0.18247017457066272,Cap
dataset_magang/Validasi/Cap\Yogya-Cap-Nogosari--Sogan_white_tophat_sq_3_24_103.jpg,1.1125280269058295,3.0797365470852016,0.6207182156702403,0.4244676554350596,0.1356123694944348,0.1801727905105365,Cap
dataset_magang/Validasi/Cap\Yogya-Cap-Nogosari--Sogan_white_tophat_sq_3_27_104.jpg,1.0944706918641898,3.2129444266495835,0.6393326453368329,0.42684712714060835,0.14746149221265167,0.18219846994819067,Cap
dataset_magang/Validasi/Cap\Yogya-Cap-Nogosari--Sogan_white_tophat_sq_3_2_102.jpg,1.1294042280589365,3.340046444586803,0.6299906194403029,0.42524127459461136,0.1395410372923203,0.18083014161884967,Cap
dataset_magang/Validasi/Cap\Yogya-Cap-Nogosari--Sogan_white_tophat_sq_3_6_105.jpg,1.213825272261371,3.4843649903907754,0.5953296460921428,0.40179825328263724,0.09673311215221356,0.1614418363409783,Cap
dataset_magang/Validasi/Cap\Yogya-Cap-Nogosari--Sogan_white_tophat_sq_3_7_106.jpg,1.074011050608584,2.9290719090326713,0.6307100008621704,0.43015055564047167,0.1369521406638649,0.18502950051780653,Cap
dataset_magang/Validasi/Cap\Yogya-Cap-Nogosari--Sogan_white_tophat_sq_5_0_107.jpg,1.0280469250480462,2.885229820627803,0.6521907811002048,0.4464286836439074,0.19990937166358289,0.19929856958003195,Cap
dataset_magang/Validasi/Cap\Yogya-Cap-Nogosari--Sogan_white_tophat_sq_5_11_108.jpg,1.296104260089686,3.9382407110826394,0.5810765740271477,0.38870859566818355,0.0892264410652821,0.1510943723463314,Cap
dataset_magang/Validasi/Cap\Yogya-Cap-Nogosari--Sogan_white_tophat_sq_5_12_109.jpg,1.2367672966047405,3.49585602178091,0.5842853667832235,0.3946002189777497,0.12501496619653876,0.15570933281728805,Cap
dataset_magang/Validasi/Cap\Yogya-Cap-Nogosari--Sogan_white_tophat_sq_5_17_110.jpg,1.0996156310057656,3.1365711082639334,0.6315307941557612,0.43904093531872584,0.11154387571641393,0.19275694288554163,Cap
dataset_magang/Validasi/Cap\Yogya-Cap-Nogosari--Sogan_white_tophat_sq_5_22_112.jpg,1.2566864189622038,3.757447149263293,0.5896053045459535,0.399519928853308,0.09972769915452055,0.15961617355095228,Cap
dataset_magang/Validasi/Cap\Yogya-Cap-Nogosari--Sogan_white_tophat_sq_5_23_113.jpg,1.0939902306213964,3.0045844010249834,0.6254581695235546,0.42415082143696625,0.11111802670243405,0.17990391932565325,Cap
dataset_magang/Validasi/Cap\Yogya-Cap-Nogosari--Sogan_white_tophat_sq_5_24_114.jpg,1.0078675528507368,2.7874159192825108,0.6563200971330423,0.4353731144991644,0.18444386565953405,0.1895497488287025,Cap
dataset_magang/Validasi/Cap\Yogya-Cap-Nogosari--Sogan_white_tophat_sq_5_2_111.jpg,1.1017176489429852,3.2717608904548365,0.6394899535497334,0.42301100013880816,0.17993011421241714,0.17893830623843476,Cap
dataset_magang/Validasi/Cap\Yogya-Cap-Nogosari--Sogan_white_tophat_sq_5_32_115.jpg,1.122017136450993,3.113609064702114,0.6180486685341934,0.4239818783252949,0.10783912320838411,0.17976063314824514,Cap
dataset_magang/Validasi/Cap\Yogya-Cap-Nogosari--Sogan_white_tophat_sq_5_7_116.jpg,1.1956678411274826,3.4822629724535554,0.6036257902609129,0.41553435883318113,0.11973513370624257,0.17266880337090293,Cap
dataset_magang/Validasi/Cap\Yogya-Cap-Nogosari--Sogan_white_tophat_sq_5_8_117.jpg,1.1974895900064062,3.4001641575912878,0.5975484554202242,0.4040105114964636,0.10009738402937157,0.16322449339963416,Cap
dataset_magang/Validasi/Tulis\Yogya-Tulis-Nogosari--Sogan_black_tophat_sq_3_14_1047.jpg,0.7724415438821268,1.8291359705317105,0.7097305056733638,0.48859407856125664,0.3514115121156003,0.23872417360512344,Tulis
dataset_magang/Validasi/Tulis\Yogya-Tulis-Nogosari--Sogan_black_tophat_sq_3_19_1048.jpg,0.7903387251761691,2.0088284753363226,0.7128516088175477,0.4936554490315782,0.3800804948080192,0.24369570235856913,Tulis
dataset_magang/Validasi/Tulis\Yogya-Tulis-Nogosari--Sogan_black_tophat_sq_3_21_1049.jpg,0.8244514734144779,2.02084000640615,0.6950148274421222,0.47418072473616957,0.33630157071627087,0.224847359711319,Tulis
dataset_magang/Validasi/Tulis\Yogya-Tulis-Nogosari--Sogan_black_tophat_sq_3_22_1050.jpg,0.5942504804612427,1.2065582959641254,0.7603618721618588,0.5439496005682839,0.3891746217438516,0.29588116795839564,Tulis
dataset_magang/Validasi/Tulis\Yogya-Tulis-Nogosari--Sogan_black_tophat_sq_3_25_1051.jpg,0.8343609865470852,2.017857142857143,0.6892487061762979,0.4742558064688161,0.3482950134730232,0.22491856996938714,Tulis
dataset_magang/Validasi/Tulis\Yogya-Tulis-Nogosari--Sogan_black_tophat_sq_3_28_1052.jpg,0.5605581358103779,1.1402346252402307,0.7742053198758225,0.5856089478490782,0.34676694703663064,0.3429378398009045,Tulis
dataset_magang/Validasi/Tulis\Yogya-Tulis-Nogosari--Sogan_black_tophat_sq_3_29_1053.jpg,0.9603819666880204,2.437640134529148,0.6521198111713478,0.4321149967160185,0.29172777130045097,0.1867233703868847,Tulis
dataset_magang/Validasi/Tulis\Yogya-Tulis-Nogosari--Sogan_black_tophat_sq_3_32_1054.jpg,0.6565903267136451,1.4551169122357464,0.7448537329357032,0.5487693546902065,0.3527901246616129,0.30114780464710567,Tulis
dataset_magang/Validasi/Tulis\Yogya-Tulis-Nogosari--Sogan_black_tophat_sq_3_4_1055.jpg,0.6543281550288276,1.388553010890455,0.7410470147220014,0.5470236982836675,0.30200642624344615,0.29923492648394084,Tulis
dataset_magang/Validasi/Tulis\Yogya-Tulis-Nogosari--Sogan_black_tophat_sq_3_5_1056.jpg,0.8125,1.9650864830237027,0.697564006266855,0.47998725001209636,0.36381248134925975,0.2303877601741747,Tulis
dataset_magang/Validasi/Tulis\Yogya-Tulis-Nogosari--Sogan_black_tophat_sq_3_6_1057.jpg,0.6146300448430494,1.2061979500320308,0.7486438452113735,0.5468598930403019,0.3407026509971257,0.29905574261605045,Tulis
dataset_magang/Validasi/Tulis\Yogya-Tulis-Nogosari--Sogan_black_tophat_sq_3_7_1058.jpg,0.6958880525304293,1.4802009929532352,0.7245462566896558,0.5148847068031495,0.29007772603699145,0.26510626129976517,Tulis
dataset_magang/Validasi/Tulis\Yogya-Tulis-Nogosari--Sogan_black_tophat_sq_3_8_1059.jpg,0.7556654388212684,1.7596692825112106,0.713962262718033,0.509543160927668,0.3353717149792412,0.25963423284815945,Tulis
dataset_magang/Validasi/Tulis\Yogya-Tulis-Nogosari--Sogan_black_tophat_sq_5_10_1060.jpg,0.8603259128763613,1.7528627482383086,0.6523406238608361,0.3535149023372782,0.39103446385993357,0.12497278617453536,Tulis
dataset_magang/Validasi/Tulis\Yogya-Tulis-Nogosari--Sogan_black_tophat_sq_5_16_1061.jpg,0.7732823510570148,1.4899703715566945,0.6807610936681433,0.38618523003178934,0.39439455427240033,0.14913903189470604,Tulis
dataset_magang/Validasi/Tulis\Yogya-Tulis-Nogosari--Sogan_black_tophat_sq_5_18_1062.jpg,0.780689461883408,1.7012131646380526,0.6937094074295671,0.4071452935079992,0.5112659206756226,0.16576729002571483,Tulis
dataset_magang/Validasi/Tulis\Yogya-Tulis-Nogosari--Sogan_black_tophat_sq_5_19_1063.jpg,0.6233584240871237,1.1135089686098656,0.734779467780325,0.46847343389647483,0.42779150298938484,0.2194673582667548,Tulis
dataset_magang/Validasi/Tulis\Yogya-Tulis-Nogosari--Sogan_black_tophat_sq_5_23_1064.jpg,0.5642016335682255,0.9180213004484306,0.752160684554347,0.4861742961349887,0.4085126967460709,0.23636544622235167,Tulis
dataset_magang/Validasi/Tulis\Yogya-Tulis-Nogosari--Sogan_black_tophat_sq_5_25_1065.jpg,0.7445347533632285,1.4333560217809096,0.6922589209672103,0.40575107816644806,0.42246075388795307,0.16463393743323507,Tulis
dataset_magang/Validasi/Tulis\Yogya-Tulis-Nogosari--Sogan_black_tophat_sq_5_27_1066.jpg,0.6830757527226137,1.3155629404228057,0.7177618317424768,0.4405113474565543,0.5033198700668254,0.19405024723798908,Tulis
dataset_magang/Validasi/Tulis\Yogya-Tulis-Nogosari--Sogan_black_tophat_sq_5_29_1067.jpg,0.848474535554132,1.7263973414477896,0.657002408701004,0.3559829076880019,0.41265421786482975,0.12672383056600448,Tulis
dataset_magang/Validasi/Tulis\Yogya-Tulis-Nogosari--Sogan_black_tophat_sq_5_3_1068.jpg,0.7302210121716848,1.5132927610506084,0.7070056803755037,0.40876264415830793,0.43144433078341027,0.16708689925929146,Tulis
dataset_magang/Validasi/Tulis\Yogya-Tulis-Nogosari--Sogan_black_tophat_sq_5_5_1069.jpg,0.6729660474055094,1.2687780269058295,0.7196354659210766,0.45331167981737014,0.42333124173076214,0.2054914790588459,Tulis
dataset_magang/Validasi/Tulis\Yogya-Tulis-Nogosari--Sogan_black_tophat_sq_5_6_1070.jpg,0.542640935297886,0.8942985265855221,0.7628221540520407,0.4844557584301119,0.4380511673095336,0.23469738187609496,Tulis
dataset_magang/Validasi/Tulis\Yogya-Tulis-Nogosari--Sogan_black_tophat_sq_5_7_1071.jpg,0.6830757527226138,1.248338404868674,0.7124155826501843,0.4250965007707477,0.4024239719761896,0.18070703496753426,Tulis
dataset_magang/Validasi/Tulis\Yogya-Tulis-Nogosari--Sogan_black_tophat_sq_5_9_1072.jpg,0.7675768737988469,1.5085682254964765,0.6855482626657778,0.38092801588289005,0.4080967449726083,0.14510615328447532,Tulis
dataset_magang/Validasi/Tulis\Yogya-Tulis-Nogosari--Sogan_closing_sq_3_0_1073.jpg,0.8142216527866752,1.889734144778988,0.6916373087370185,0.3457663033681704,0.5907874352698128,0.11955433654488963,Tulis
dataset_magang/Validasi/Tulis\Yogya-Tulis-Nogosari--Sogan_closing_sq_3_12_1074.jpg,0.8117192504804611,1.722994074311339,0.6787588647165606,0.2973680867892804,0.6967969079843447,0.08842777904071701,Tulis
dataset_magang/Validasi/Tulis\Yogya-Tulis-Nogosari--Sogan_closing_sq_3_13_1075.jpg,0.7804692504804612,1.6334481101857783,0.6898508996421816,0.3494292698615706,0.6638907346669664,0.12210081463599033,Tulis
dataset_magang/Validasi/Tulis\Yogya-Tulis-Nogosari--Sogan_closing_sq_3_15_1076.jpg,0.8125600576553491,1.6744274503523382,0.6741644030121674,0.2941192098561631,0.731719066644749,0.08650610960641371,Tulis
dataset_magang/Validasi/Tulis\Yogya-Tulis-Nogosari--Sogan_closing_sq_3_19_1077.jpg,0.8377642536835361,1.8502162075592568,0.6746598857931618,0.3178336210442438,0.6263694396479607,0.10101821066609597,Tulis
dataset_magang/Validasi/Tulis\Yogya-Tulis-Nogosari--Sogan_closing_sq_3_20_1078.jpg,0.7642937219730942,1.7165278667520822,0.7059187709280034,0.36351895162197806,0.6482916249367612,0.13214602818834204,Tulis
dataset_magang/Validasi/Tulis\Yogya-Tulis-Nogosari--Sogan_closing_sq_3_27_1079.jpg,0.7532831518257528,1.5203795643818068,0.6954149124898927,0.3133447516472302,0.7281176643177549,0.09818493338486435,Tulis
dataset_magang/Validasi/Tulis\Yogya-Tulis-Nogosari--Sogan_closing_sq_3_30_1081.jpg,0.7488989429852658,1.6015574951953875,0.7047590613000465,0.33156646213815566,0.6848240307785538,0.109936318814813,Tulis
dataset_magang/Validasi/Tulis\Yogya-Tulis-Nogosari--Sogan_closing_sq_3_3_1080.jpg,0.6845771941063421,1.4022661755285073,0.7251080273946933,0.3523461715537908,0.7155351234167561,0.12414782460861337,Tulis
dataset_magang/Validasi/Tulis\Yogya-Tulis-Nogosari--Sogan_closing_sq_3_5_1082.jpg,0.7295403587443947,1.5385570147341447,0.7105126074510801,0.34682151123258054,0.668232983628243,0.12028516065365097,Tulis
dataset_magang/Validasi/Tulis\Yogya-Tulis-Nogosari--Sogan_closing_sq_5_0_1083.jpg,0.6527065983344009,1.26737668161435,0.7321110232314401,0.30285730428417407,0.7996410350730813,0.09172254675827679,Tulis
dataset_magang/Validasi/Tulis\Yogya-Tulis-Nogosari--Sogan_closing_sq_5_11_1084.jpg,0.6572109224855862,1.3380245035233824,0.7358024131195786,0.32363504567041945,0.7539886043580586,0.10473964278609449,Tulis
dataset_magang/Validasi/Tulis\Yogya-Tulis-Nogosari--Sogan_closing_sq_5_12_1085.jpg,0.6004564381806534,1.107783472133248,0.7485334856279198,0.3165381568723195,0.8079378211893756,0.10019640475612514,Tulis
dataset_magang/Validasi/Tulis\Yogya-Tulis-Nogosari--Sogan_closing_sq_5_20_1086.jpg,0.6306454196028188,1.2987267777065985,0.7480246919395561,0.338464667607983,0.7485051133252097,0.1145583312189824,Tulis
dataset_magang/Validasi/Tulis\Yogya-Tulis-Nogosari--Sogan_closing_sq_5_21_1087.jpg,0.6581117873158232,1.2757447149263292,0.7301338878083141,0.32031406018056036,0.7717770052568717,0.10260109714935563,Tulis
dataset_magang/Validasi/Tulis\Yogya-Tulis-Nogosari--Sogan_closing_sq_5_22_1088.jpg,0.6456798526585523,1.296384529147982,0.7388978372153985,0.34484595629491616,0.7450904874793934,0.11891873357295521,Tulis
dataset_magang/Validasi/Tulis\Yogya-Tulis-Nogosari--Sogan_closing_sq_5_27_1089.jpg,0.5294682895579756,0.9923126201153107,0.7795360469127286,0.3304293264418483,0.843619586081442,0.10918353977281355,Tulis
dataset_magang/Validasi/Tulis\Yogya-Tulis-Nogosari--Sogan_closing_sq_5_28_1090.jpg,0.6067024343369635,1.1632767456758488,0.7501067450091454,0.33300006120558723,0.78602082881139,0.11088904076292486,Tulis
dataset_magang/Validasi/Tulis\Yogya-Tulis-Nogosari--Sogan_closing_sq_5_29_1091.jpg,0.6367713004484306,1.305693465727098,0.7450418102736093,0.31090395132503457,0.7921435997572018,0.09666126694951946,Tulis
dataset_magang/Validasi/Tulis\Yogya-Tulis-Nogosari--Sogan_closing_sq_5_8_1092.jpg,0.6103859705317104,1.1762091607943628,0.7488842839327539,0.33957549239864215,0.775747092537477,0.11531151503778028,Tulis
dataset_magang/Validasi/Tulis\Yogya-Tulis-Nogosari--Sogan_dilation_sq_3_0_1093.jpg,0.8961803331197948,2.1568705957719407,0.6667102367643122,0.25379970068714497,0.6844520387069609,0.06441428806888438,Tulis
dataset_magang/Validasi/Tulis\Yogya-Tulis-Nogosari--Sogan_dilation_sq_3_10_1094.jpg,0.9407030749519538,2.1862588084561176,0.6440282404506884,0.2484248081479467,0.6737243321751331,0.06171488530334413,Tulis
dataset_magang/Validasi/Tulis\Yogya-Tulis-Nogosari--Sogan_dilation_sq_3_11_1095.jpg,0.9550368353619475,2.1028187059577195,0.6288221689764817,0.23031387739316847,0.6934771248896658,0.05304448211987544,Tulis
dataset_magang/Validasi/Tulis\Yogya-Tulis-Nogosari--Sogan_dilation_sq_3_14_1096.jpg,0.919582799487508,2.284292921204356,0.6633411369521565,0.2768328450638677,0.6439062515764257,0.07663642410615537,Tulis
dataset_magang/Validasi/Tulis\Yogya-Tulis-Nogosari--Sogan_dilation_sq_3_16_1097.jpg,0.8859505124919923,1.923266335682255,0.6535629921980819,0.2380643995069298,0.7186208349119911,0.05667465831259508,Tulis
dataset_magang/Validasi/Tulis\Yogya-Tulis-Nogosari--Sogan_dilation_sq_3_17_1098.jpg,0.7965046444586803,1.757226937860346,0.6906596508507283,0.257483103510655,0.7442341356740607,0.0662975485934787,Tulis
dataset_magang/Validasi/Tulis\Yogya-Tulis-Nogosari--Sogan_dilation_sq_3_18_1099.jpg,0.9319546764894299,2.1693025304292117,0.6478418834484185,0.24508477965219544,0.6800213157149084,0.06006654921716519,Tulis
dataset_magang/Validasi/Tulis\Yogya-Tulis-Nogosari--Sogan_dilation_sq_3_30_1100.jpg,0.8991431774503524,2.1753283151825755,0.666530841357734,0.2492953590065479,0.6897984950153977,0.062148176022203606,Tulis
dataset_magang/Validasi/Tulis\Yogya-Tulis-Nogosari--Sogan_dilation_sq_3_8_1101.jpg,0.9062700192184499,2.049887892376682,0.6525577779567492,0.254496895374234,0.6971687339329093,0.0647686697551238,Tulis
dataset_magang/Validasi/Tulis\Yogya-Tulis-Nogosari--Sogan_dilation_sq_3_9_1102.jpg,0.9796404548366431,2.2860145739910314,0.6294203670695692,0.23517991121843598,0.6722864275585851,0.055309590640711434,Tulis
dataset_magang/Validasi/Tulis\Yogya-Tulis-Nogosari--Sogan_dilation_sq_5_0_1103.jpg,0.4707919602818706,0.8891936258808456,0.8046757194599123,0.45477929489850577,0.8134035789794151,0.20682420706838206,Tulis
dataset_magang/Validasi/Tulis\Yogya-Tulis-Nogosari--Sogan_dilation_sq_5_16_1104.jpg,0.5093689942344651,1.0071668802049967,0.792643722858376,0.48488485323392316,0.7623145009522626,0.2351133208956832,Tulis
dataset_magang/Validasi/Tulis\Yogya-Tulis-Nogosari--Sogan_dilation_sq_5_22_1106.jpg,0.5948310377962844,1.2398102178090968,0.7636190356292243,0.37424567356657307,0.7754773775530124,0.14005982418329796,Tulis
dataset_magang/Validasi/Tulis\Yogya-Tulis-Nogosari--Sogan_dilation_sq_5_23_1107.jpg,0.4492312620115311,0.85694266495836,0.8144796561259895,0.4731853087064356,0.8241231730225417,0.22390433637560475,Tulis
dataset_magang/Validasi/Tulis\Yogya-Tulis-Nogosari--Sogan_dilation_sq_5_27_1108.jpg,0.5258247918001281,1.0484064702114029,0.7869361827173089,0.4416954207396991,0.7915070805640366,0.19509484470241978,Tulis
dataset_magang/Validasi/Tulis\Yogya-Tulis-Nogosari--Sogan_dilation_sq_5_28_1109.jpg,0.38478939782190896,0.7176289237668161,0.8395288526759443,0.5083847609172281,0.8194451895784558,0.2584550651328671,Tulis
dataset_magang/Validasi/Tulis\Yogya-Tulis-Nogosari--Sogan_dilation_sq_5_2_1105.jpg,0.49753763613068547,0.9604620435618194,0.7955781894510134,0.4213165135736344,0.8099488482706995,0.1775076046098425,Tulis
dataset_magang/Validasi/Tulis\Yogya-Tulis-Nogosari--Sogan_dilation_sq_5_32_1111.jpg,0.45061258808456117,0.8450312299807815,0.8125961375409081,0.4665055662323158,0.8283660211445347,0.2176274433257336,Tulis
dataset_magang/Validasi/Tulis\Yogya-Tulis-Nogosari--Sogan_dilation_sq_5_3_1110.jpg,0.46064221652786674,0.8758408071748879,0.8095206149034295,0.46430625183012314,0.8254676803137192,0.21558029548853772,Tulis
dataset_magang/Validasi/Tulis\Yogya-Tulis-Nogosari--Sogan_dilation_sq_5_8_1112.jpg,0.48594650864830236,0.9618033311979501,0.8022669521086826,0.4341845374856576,0.793176582649327,0.18851621259163442,Tulis
dataset_magang/Validasi/Tulis\Yogya-Tulis-Nogosari--Sogan_dilation_sq_5_9_1113.jpg,0.49859865470852016,1.013813260730301,0.7996220781880898,0.44282415368197775,0.8007894529923734,0.19609323108415985,Tulis
dataset_magang/Validasi/Tulis\Yogya-Tulis-Nogosari--Sogan_erosion_sq_3_12_1114.jpg,0.5066063420884048,0.7344250480461243,0.7690453942547717,0.3928275117865757,0.6143911148355977,0.1543134540164323,Tulis
dataset_magang/Validasi/Tulis\Yogya-Tulis-Nogosari--Sogan_erosion_sq_3_13_1115.jpg,0.5729700512491993,0.8704556374119155,0.7426557821300304,0.39479624336779356,0.46286584662126196,0.1558640737773221,Tulis
dataset_magang/Validasi/Tulis\Yogya-Tulis-Nogosari--Sogan_erosion_sq_3_17_1116.jpg,0.5691864189622038,0.8076153106982704,0.7388580071233065,0.3707742484417344,0.5331323523662541,0.13747354330753297,Tulis
dataset_magang/Validasi/Tulis\Yogya-Tulis-Nogosari--Sogan_erosion_sq_3_18_1117.jpg,0.5740911274823831,0.8563621076233183,0.7405617175293712,0.3895772305101566,0.514858959293962,0.15177041853196366,Tulis
dataset_magang/Validasi/Tulis\Yogya-Tulis-Nogosari--Sogan_erosion_sq_3_19_1118.jpg,0.5412596092248558,0.7899783792440743,0.7538241145889193,0.3910376154256535,0.5423742113535336,0.1529104166777813,Tulis
dataset_magang/Validasi/Tulis\Yogya-Tulis-Nogosari--Sogan_erosion_sq_3_20_1119.jpg,0.5665839205637413,0.8299967969250481,0.742611585855453,0.3874947093152287,0.5133068547460929,0.1501521497472936,Tulis
dataset_magang/Validasi/Tulis\Yogya-Tulis-Nogosari--Sogan_erosion_sq_3_22_1120.jpg,0.5503883728379244,0.8140414798206277,0.7506887064070195,0.37602417917349545,0.540972441385182,0.141394183323101,Tulis
dataset_magang/Validasi/Tulis\Yogya-Tulis-Nogosari--Sogan_erosion_sq_3_23_1121.jpg,0.5622197309417041,0.8228699551569506,0.7445847017661843,0.40390974184846457,0.5045901233680455,0.16314307956009327,Tulis
dataset_magang/Validasi/Tulis\Yogya-Tulis-Nogosari--Sogan_erosion_sq_3_24_1122.jpg,0.5608984625240231,0.8717168481742472,0.7498764581394495,0.3995916419635784,0.4899393243626733,0.15967348032714862,Tulis
dataset_magang/Validasi/Tulis\Yogya-Tulis-Nogosari--Sogan_erosion_sq_3_26_1123.jpg,0.5320307495195387,0.7694186418962202,0.7572831728414028,0.3862237613225721,0.5302994768244554,0.14916879381015513,Tulis
dataset_magang/Validasi/Tulis\Yogya-Tulis-Nogosari--Sogan_erosion_sq_3_27_1124.jpg,0.5861627162075592,0.887291800128123,0.7363405339714361,0.37702002927795564,0.4921101670418991,0.14214410247675052,Tulis
dataset_magang/Validasi/Tulis\Yogya-Tulis-Nogosari--Sogan_erosion_sq_3_32_1126.jpg,0.5087283792440743,0.762852338244715,0.7704009967215586,0.38509056550291104,0.6035256256706317,0.14829474363935183,Tulis
dataset_magang/Validasi/Tulis\Yogya-Tulis-Nogosari--Sogan_erosion_sq_3_3_1125.jpg,0.5354940743113389,0.7651145099295323,0.7548388987364522,0.3996859720052404,0.5593479803362624,0.1597488762177738,Tulis
dataset_magang/Validasi/Tulis\Yogya-Tulis-Nogosari--Sogan_erosion_sq_3_6_1127.jpg,0.5185978539397822,0.7413717168481743,0.7626319184969608,0.4030290875326759,0.5707974305140352,0.16243244539742135,Tulis
dataset_magang/Validasi/Tulis\Yogya-Tulis-Nogosari--Sogan_erosion_sq_3_7_1128.jpg,0.5497077194106342,0.8107983664317746,0.7507953970653456,0.3954999147834797,0.5414732918324089,0.1564201825937397,Tulis
dataset_magang/Validasi/Tulis\Yogya-Tulis-Nogosari--Sogan_erosion_sq_3_9_1129.jpg,0.48044122357463165,0.6747877962844331,0.7788844621153049,0.41665625337954487,0.5973739657052435,0.17360243348027948,Tulis
dataset_magang/Validasi/Tulis\Yogya-Tulis-Nogosari--Sogan_erosion_sq_5_14_1130.jpg,0.2560057655349135,0.2862748238308776,0.8750147834228552,0.46183204609848033,0.8012682555638253,0.21328883880350888,Tulis
dataset_magang/Validasi/Tulis\Yogya-Tulis-Nogosari--Sogan_erosion_sq_5_15_1131.jpg,0.2770059256886611,0.31640374759769374,0.8654311668613633,0.4793591561816048,0.7414016384212354,0.22978520061514016,Tulis
dataset_magang/Validasi/Tulis\Yogya-Tulis-Nogosari--Sogan_erosion_sq_5_16_1132.jpg,0.24971973094170405,0.282431133888533,0.8784084485812261,0.49663928902873133,0.775207278299676,0.24665058340696372,Tulis
dataset_magang/Validasi/Tulis\Yogya-Tulis-Nogosari--Sogan_erosion_sq_5_17_1133.jpg,0.2517817104420243,0.2766856181934657,0.8765938830689226,0.4902478615906934,0.7941515821153678,0.2403429657942477,Tulis
dataset_magang/Validasi/Tulis\Yogya-Tulis-Nogosari--Sogan_erosion_sq_5_20_1134.jpg,0.30679452274183217,0.33918561819346577,0.8498390219316426,0.4806885948117013,0.7131962601143395,0.23106152518204795,Tulis
dataset_magang/Validasi/Tulis\Yogya-Tulis-Nogosari--Sogan_erosion_sq_5_24_1135.jpg,0.2501801729660474,0.277566463805253,0.8776428901156874,0.4522551046542604,0.8152416726082952,0.204534679685836,Tulis
dataset_magang/Validasi/Tulis\Yogya-Tulis-Nogosari--Sogan_erosion_sq_5_25_1136.jpg,0.29242072389493906,0.34310938500960925,0.8588351333116896,0.46248377578476163,0.7561125271180474,0.2138912428641297,Tulis
dataset_magang/Validasi/Tulis\Yogya-Tulis-Nogosari--Sogan_erosion_sq_5_27_1137.jpg,0.27774663677130046,0.3208680333119795,0.8654275162979991,0.46012922399385126,0.7680162051966126,0.21171890277318375,Tulis
dataset_magang/Validasi/Tulis\Yogya-Tulis-Nogosari--Sogan_erosion_sq_5_7_1138.jpg,0.30829596412556054,0.35498078155028834,0.8505176734370877,0.4647656848780374,0.7423245655257663,0.21600714184015116,Tulis
dataset_magang/Validasi/Tulis\Yogya-Tulis-Nogosari--Sogan_erosion_sq_5_8_1139.jpg,0.29366191543882125,0.3374239269698911,0.8575424171910917,0.4549849251129053,0.7550538441959224,0.20701128207999603,Tulis
dataset_magang/Validasi/Tulis\Yogya-Tulis-Nogosari--Sogan_opening_sq_3_14_1140.jpg,0.5967528827674569,1.0173166239590006,0.7421950742273546,0.3576750772744726,0.6144321006847773,0.12793146090329996,Tulis
dataset_magang/Validasi/Tulis\Yogya-Tulis-Nogosari--Sogan_opening_sq_3_17_1141.jpg,0.6069026265214607,1.0016816143497758,0.734772018780196,0.3533184258715988,0.596927441875849,0.12483391006038443,Tulis
dataset_magang/Validasi/Tulis\Yogya-Tulis-Nogosari--Sogan_opening_sq_3_18_1142.jpg,0.6425768737988469,1.1110265855221013,0.7237516787058464,0.35287431329241536,0.5223539365303708,0.12452028098159369,Tulis
dataset_magang/Validasi/Tulis\Yogya-Tulis-Nogosari--Sogan_opening_sq_3_20_1144.jpg,0.673066143497758,1.1812339846252402,0.7124160478148541,0.3405250898544975,0.5463088469330958,0.11595733682041356,Tulis
dataset_magang/Validasi/Tulis\Yogya-Tulis-Nogosari--Sogan_opening_sq_3_29_1145.jpg,0.5967729019859065,0.9777786675208201,0.738511647468717,0.34565018163600336,0.6491739628510008,0.1194740480650021,Tulis
dataset_magang/Validasi/Tulis\Yogya-Tulis-Nogosari--Sogan_opening_sq_3_2_1143.jpg,0.5595371556694426,0.968810057655349,0.7595977157026351,0.3723723481247148,0.6085023297387774,0.13866116564791378,Tulis
dataset_magang/Validasi/Tulis\Yogya-Tulis-Nogosari--Sogan_opening_sq_3_30_1146.jpg,0.6261611146700833,1.076873798846893,0.7302632510822963,0.34323095811798354,0.5587749208790509,0.11780749061058898,Tulis
dataset_magang/Validasi/Tulis\Yogya-Tulis-Nogosari--Sogan_opening_sq_3_31_1147.jpg,0.6549687700192186,1.1732262972453555,0.7221527107505411,0.34858606444236495,0.5104066707291259,0.1215122443234166,Tulis
dataset_magang/Validasi/Tulis\Yogya-Tulis-Nogosari--Sogan_opening_sq_3_4_1148.jpg,0.5486266816143498,0.9190622998078155,0.7615408546882763,0.37634699177629644,0.6321248270009182,0.14163705821906772,Tulis
dataset_magang/Validasi/Tulis\Yogya-Tulis-Nogosari--Sogan_opening_sq_3_5_1149.jpg,0.64027466367713,1.079376201153107,0.7223198129810829,0.3506205868334631,0.542443645273538,0.12293479591144203,Tulis
dataset_magang/Validasi/Tulis\Yogya-Tulis-Nogosari--Sogan_opening_sq_3_6_1150.jpg,0.6264213645099295,1.0331718449711724,0.7261219922158657,0.3461876555631709,0.5845121319839193,0.11984589286432464,Tulis
dataset_magang/Validasi/Tulis\Yogya-Tulis-Nogosari--Sogan_opening_sq_3_7_1151.jpg,0.6728058936579115,1.2145259449071109,0.7154750247898495,0.3457695464450481,0.5255304710048673,0.11955657924881428,Tulis
dataset_magang/Validasi/Tulis\Yogya-Tulis-Nogosari--Sogan_opening_sq_3_8_1152.jpg,0.6437980461242793,1.1035193786034592,0.7225277459953338,0.3551881364400803,0.5332621812891486,0.1261586122677771,Tulis
dataset_magang/Validasi/Tulis\Yogya-Tulis-Nogosari--Sogan_opening_sq_3_9_1153.jpg,0.6246396540679051,1.1424167200512494,0.7374227939266847,0.3541546619982539,0.5217998831354327,0.12542552461509748,Tulis
dataset_magang/Validasi/Tulis\Yogya-Tulis-Nogosari--Sogan_opening_sq_5_10_1155.jpg,0.3684537155669443,0.4502522421524664,0.8239134274786146,0.4223444026088974,0.7239653556618689,0.1783747944150664,Tulis
dataset_magang/Validasi/Tulis\Yogya-Tulis-Nogosari--Sogan_opening_sq_5_13_1156.jpg,0.3605661434977579,0.4387612107623318,0.8275194775219504,0.4142093933882203,0.7424758062626585,0.17156942157103747,Tulis
dataset_magang/Validasi/Tulis\Yogya-Tulis-Nogosari--Sogan_opening_sq_5_16_1157.jpg,0.3699551569506726,0.46480621396540683,0.8244651335870671,0.42069653718182015,0.721769680895955,0.1769855763967746,Tulis
dataset_magang/Validasi/Tulis\Yogya-Tulis-Nogosari--Sogan_opening_sq_5_19_1158.jpg,0.3536995515695067,0.42717008327994876,0.8304859724158722,0.42297325039693406,0.748380291536289,0.17890637055134748,Tulis
dataset_magang/Validasi/Tulis\Yogya-Tulis-Nogosari--Sogan_opening_sq_5_1_1154.jpg,0.3622077194106342,0.4363989429852658,0.8262926527113088,0.4218622643748808,0.7410316634917831,0.17796777010350182,Tulis
dataset_magang/Validasi/Tulis\Yogya-Tulis-Nogosari--Sogan_opening_sq_5_20_1160.jpg,0.41365711082639334,0.530689461883408,0.8048125023552021,0.4058272105318364,0.685812633234019,0.16469572480805145,Tulis
dataset_magang/Validasi/Tulis\Yogya-Tulis-Nogosari--Sogan_opening_sq_5_24_1161.jpg,0.36104660474055095,0.459861467008328,0.8292931802765949,0.40863390033812497,0.7314467205121352,0.16698166450554863,Tulis
dataset_magang/Validasi/Tulis\Yogya-Tulis-Nogosari--Sogan_opening_sq_5_2_1159.jpg,0.36082639333760413,0.44246476617552855,0.8277223781889438,0.4242183566027952,0.7339988111819143,0.17996121407877635,Tulis
dataset_magang/Validasi/Tulis\Yogya-Tulis-Nogosari--Sogan_opening_sq_5_3_1162.jpg,0.4180012812299808,0.5446428571428572,0.8035787296981572,0.4061998778332812,0.6705062932447718,0.16499834075177258,Tulis
dataset_magang/Validasi/Tulis\Yogya-Tulis-Nogosari--Sogan_opening_sq_5_6_1163.jpg,0.3836683215887252,0.4815622998078155,0.8178887116246981,0.4146568583000526,0.7220340853899946,0.1719403101352699,Tulis
dataset_magang/Validasi/Tulis\Yogya-Tulis-Nogosari--Sogan_opening_sq_5_9_1164.jpg,0.3595451633568225,0.4519538757206919,0.8293948072502544,0.4106993432367705,0.7371062449400871,0.1686739505351146,Tulis
dataset_magang/Validasi/Tulis\Yogya-Tulis-Nogosari--Sogan_white_tophat_sq_3_0_1165.jpg,0.6884809417040357,1.5915478859705319,0.7385477501718269,0.5495983668858446,0.18676280231734552,0.3020583648835875,Tulis
dataset_magang/Validasi/Tulis\Yogya-Tulis-Nogosari--Sogan_white_tophat_sq_3_14_1167.jpg,0.681113869314542,1.516035393978219,0.7369327021593903,0.5521725967450964,0.15905108007120092,0.30489457659622293,Tulis
dataset_magang/Validasi/Tulis\Yogya-Tulis-Nogosari--Sogan_white_tophat_sq_3_16_1168.jpg,0.7856141896220371,1.8628883728379244,0.7054883216933138,0.521849378681035,0.13896249178713846,0.2723267740297822,Tulis
dataset_magang/Validasi/Tulis\Yogya-Tulis-Nogosari--Sogan_white_tophat_sq_3_1_1166.jpg,0.6853179051889814,1.620896060217809,0.7422325072524558,0.5012884773012055,0.31934194589128917,0.2512901374749612,Tulis
dataset_magang/Validasi/Tulis\Yogya-Tulis-Nogosari--Sogan_white_tophat_sq_3_23_1169.jpg,0.7716808135810378,1.8373038116591929,0.711552014331459,0.5303219628355311,0.11789122297315364,0.2812413842657304,Tulis
dataset_magang/Validasi/Tulis\Yogya-Tulis-Nogosari--Sogan_white_tophat_sq_3_27_1170.jpg,0.6749079115951314,1.5330917680973735,0.7415331940627048,0.5596870763078672,0.16281824126819466,0.31324962338604834,Tulis
dataset_magang/Validasi/Tulis\Yogya-Tulis-Nogosari--Sogan_white_tophat_sq_3_29_1171.jpg,0.8064541960281869,1.9670083279948751,0.701501049764041,0.5104727303897022,0.11915950420234767,0.26058240847151765,Tulis
dataset_magang/Validasi/Tulis\Yogya-Tulis-Nogosari--Sogan_white_tophat_sq_3_4_1172.jpg,0.7977858744394618,1.869534753363229,0.7000538435939716,0.5072395270484416,0.18414741680375965,0.2572919378003267,Tulis
dataset_magang/Validasi/Tulis\Yogya-Tulis-Nogosari--Sogan_white_tophat_sq_3_5_1173.jpg,0.7775464445868033,1.823950992953235,0.7071172183434778,0.5219124358905465,0.115903435688851,0.2723925907372038,Tulis
dataset_magang/Validasi/Tulis\Yogya-Tulis-Nogosari--Sogan_white_tophat_sq_3_7_1174.jpg,0.628743593850096,1.4690703074951954,0.7624883066905291,0.5773476364947419,0.19372039621744366,0.33333029336606457,Tulis
dataset_magang/Validasi/Tulis\Yogya-Tulis-Nogosari--Sogan_white_tophat_sq_3_8_1175.jpg,0.9411234785393978,2.458820467648943,0.6647578627420688,0.46857751101173106,0.17068663097847275,0.21956488382594894,Tulis
dataset_magang/Validasi/Tulis\Yogya-Tulis-Nogosari--Sogan_white_tophat_sq_5_10_1176.jpg,0.8418081358103779,2.072309417040359,0.692017783862284,0.4453260911526743,0.33096407754418106,0.19831532746131997,Tulis
dataset_magang/Validasi/Tulis\Yogya-Tulis-Nogosari--Sogan_white_tophat_sq_5_23_1177.jpg,0.7326633568225496,1.685217809096733,0.7214883726068111,0.5401263225475739,0.17221114238564367,0.29173644430876583,Tulis
dataset_magang/Validasi/Tulis\Yogya-Tulis-Nogosari--Sogan_white_tophat_sq_5_25_1178.jpg,0.7502402306213964,1.7641335682254966,0.7175975610916919,0.5341036922414656,0.13079984998733382,0.28526675406596613,Tulis
dataset_magang/Validasi/Tulis\Yogya-Tulis-Nogosari--Sogan_white_tophat_sq_5_27_1179.jpg,0.786034593209481,1.8816864189622038,0.7071550232065268,0.5193506920112763,0.18241565341451768,0.26972514129259156,Tulis
dataset_magang/Validasi/Tulis\Yogya-Tulis-Nogosari--Sogan_white_tophat_sq_5_32_1181.jpg,0.7385089686098655,1.6847773862908393,0.7181561733286214,0.5371349731174286,0.09371168004286425,0.28851397934586076,Tulis
dataset_magang/Validasi/Tulis\Yogya-Tulis-Nogosari--Sogan_white_tophat_sq_5_3_1180.jpg,0.9529147982062782,2.402146060217809,0.6548461115798231,0.4521608103588913,0.16721870454493945,0.20444939842440926,Tulis
dataset_magang/Validasi/Tulis\Yogya-Tulis-Nogosari--Sogan_white_tophat_sq_5_7_1182.jpg,0.6592528827674569,1.4938540999359384,0.7478886731384424,0.5665453810903676,0.13221127739987348,0.32097366883482975,Tulis
dataset_magang/Validasi/Tulis\Yogya-Tulis-Nogosari--Sogan_white_tophat_sq_5_8_1183.jpg,0.8161234785393978,1.9929332158872517,0.6988661739949328,0.5146407112033606,0.13998313019963105,0.2648550616279008,Tulis
dataset_magang/Validasi/Tulis\Yogya-Tulis-Nogosari--Sogan_white_tophat_sq_5_9_1184.jpg,0.7411915438821267,1.7430333119795005,0.7214884182419135,0.5313978060941028,0.22037863431232885,0.28238362832162567,Tulis
